-- =============================================================================
-- FILE: seed.sql
-- PROJECT: School Management System
-- DESCRIPTION: Initial seed data - realistic sample data for development & testing
-- CREATED: 2026-06-09
-- =============================================================================
-- কেন seed.sql দরকার?
-- ১. নতুন developer প্রজেক্ট clone করলে সাথে সাথে কাজ শুরু করতে পারবে
-- ২. Development ও Testing এ real-like data পাওয়া যাবে
-- ৩. Default roles, permissions যা ছাড়া system চলবে না সেগুলো এখানে থাকে
-- =============================================================================

-- Transaction শুরু - কোনো error হলে সব rollback হয়ে যাবে
BEGIN;


-- =============================================================================
-- STEP 1: ROLES
-- =============================================================================

INSERT INTO public.roles (id, name) VALUES
    ('00000000-0000-0000-0000-000000000001', 'SUPER_ADMIN'),
    ('00000000-0000-0000-0000-000000000002', 'ADMIN'),
    ('00000000-0000-0000-0000-000000000003', 'TEACHER'),
    ('00000000-0000-0000-0000-000000000004', 'STUDENT'),
    ('00000000-0000-0000-0000-000000000005', 'ACCOUNTANT'),
    ('00000000-0000-0000-0000-000000000006', 'STAFF');

-- কেন fixed UUID?
-- Fixed UUID দিলে অন্য seed file এ সহজে reference করা যায়
-- প্রতিবার run করলে একই ID থাকে, তাই predictable


-- =============================================================================
-- STEP 2: PERMISSIONS
-- =============================================================================

INSERT INTO public.permissions (id, name) VALUES
    -- User Management
    ('10000000-0000-0000-0000-000000000001', 'manage_users'),
    ('10000000-0000-0000-0000-000000000002', 'view_users'),

    -- Student Management
    ('10000000-0000-0000-0000-000000000003', 'manage_students'),
    ('10000000-0000-0000-0000-000000000004', 'view_students'),

    -- Teacher Management
    ('10000000-0000-0000-0000-000000000005', 'manage_teachers'),
    ('10000000-0000-0000-0000-000000000006', 'view_teachers'),

    -- Class & Section
    ('10000000-0000-0000-0000-000000000007', 'manage_classes'),
    ('10000000-0000-0000-0000-000000000008', 'view_classes'),

    -- Attendance
    ('10000000-0000-0000-0000-000000000009', 'manage_student_attendance'),
    ('10000000-0000-0000-0000-000000000010', 'view_student_attendance'),
    ('10000000-0000-0000-0000-000000000011', 'manage_staff_attendance'),
    ('10000000-0000-0000-0000-000000000012', 'view_staff_attendance'),

    -- Exam & Results
    ('10000000-0000-0000-0000-000000000013', 'manage_exams'),
    ('10000000-0000-0000-0000-000000000014', 'view_exams'),
    ('10000000-0000-0000-0000-000000000015', 'manage_exam_results'),
    ('10000000-0000-0000-0000-000000000016', 'view_exam_results'),

    -- Fee
    ('10000000-0000-0000-0000-000000000017', 'manage_fees'),
    ('10000000-0000-0000-0000-000000000018', 'view_fees'),

    -- Leaves
    ('10000000-0000-0000-0000-000000000019', 'manage_leaves'),
    ('10000000-0000-0000-0000-000000000020', 'view_leaves'),
    ('10000000-0000-0000-0000-000000000021', 'apply_leave'),

    -- Reports
    ('10000000-0000-0000-0000-000000000022', 'view_reports'),

    -- Academic Sessions
    ('10000000-0000-0000-0000-000000000023', 'manage_academic_sessions'),
    ('10000000-0000-0000-0000-000000000024', 'view_academic_sessions'),

    -- Subject Assignments
    ('10000000-0000-0000-0000-000000000025', 'manage_subject_assignments'),
    ('10000000-0000-0000-0000-000000000026', 'view_subject_assignments');


-- =============================================================================
-- STEP 3: ROLE PERMISSIONS
-- কোন role কোন permission পাবে
-- =============================================================================

-- SUPER_ADMIN → সব permission
INSERT INTO public.role_permissions (role_id, permission_id)
SELECT
    '00000000-0000-0000-0000-000000000001',
    id
FROM public.permissions;


-- ADMIN → প্রায় সব, শুধু কিছু system level বাদে
INSERT INTO public.role_permissions (role_id, permission_id) VALUES
    ('00000000-0000-0000-0000-000000000002', '10000000-0000-0000-0000-000000000002'), -- view_users
    ('00000000-0000-0000-0000-000000000002', '10000000-0000-0000-0000-000000000003'), -- manage_students
    ('00000000-0000-0000-0000-000000000002', '10000000-0000-0000-0000-000000000004'), -- view_students
    ('00000000-0000-0000-0000-000000000002', '10000000-0000-0000-0000-000000000005'), -- manage_teachers
    ('00000000-0000-0000-0000-000000000002', '10000000-0000-0000-0000-000000000006'), -- view_teachers
    ('00000000-0000-0000-0000-000000000002', '10000000-0000-0000-0000-000000000007'), -- manage_classes
    ('00000000-0000-0000-0000-000000000002', '10000000-0000-0000-0000-000000000008'), -- view_classes
    ('00000000-0000-0000-0000-000000000002', '10000000-0000-0000-0000-000000000009'), -- manage_student_attendance
    ('00000000-0000-0000-0000-000000000002', '10000000-0000-0000-0000-000000000010'), -- view_student_attendance
    ('00000000-0000-0000-0000-000000000002', '10000000-0000-0000-0000-000000000011'), -- manage_staff_attendance
    ('00000000-0000-0000-0000-000000000002', '10000000-0000-0000-0000-000000000012'), -- view_staff_attendance
    ('00000000-0000-0000-0000-000000000002', '10000000-0000-0000-0000-000000000013'), -- manage_exams
    ('00000000-0000-0000-0000-000000000002', '10000000-0000-0000-0000-000000000014'), -- view_exams
    ('00000000-0000-0000-0000-000000000002', '10000000-0000-0000-0000-000000000015'), -- manage_exam_results
    ('00000000-0000-0000-0000-000000000002', '10000000-0000-0000-0000-000000000016'), -- view_exam_results
    ('00000000-0000-0000-0000-000000000002', '10000000-0000-0000-0000-000000000017'), -- manage_fees
    ('00000000-0000-0000-0000-000000000002', '10000000-0000-0000-0000-000000000018'), -- view_fees
    ('00000000-0000-0000-0000-000000000002', '10000000-0000-0000-0000-000000000019'), -- manage_leaves
    ('00000000-0000-0000-0000-000000000002', '10000000-0000-0000-0000-000000000020'), -- view_leaves
    ('00000000-0000-0000-0000-000000000002', '10000000-0000-0000-0000-000000000022'), -- view_reports
    ('00000000-0000-0000-0000-000000000002', '10000000-0000-0000-0000-000000000023'), -- manage_academic_sessions
    ('00000000-0000-0000-0000-000000000002', '10000000-0000-0000-0000-000000000024'), -- view_academic_sessions
    ('00000000-0000-0000-0000-000000000002', '10000000-0000-0000-0000-000000000025'), -- manage_subject_assignments
    ('00000000-0000-0000-0000-000000000002', '10000000-0000-0000-0000-000000000026'); -- view_subject_assignments


-- TEACHER → নিজের class attendance + exam result + leave apply
INSERT INTO public.role_permissions (role_id, permission_id) VALUES
    ('00000000-0000-0000-0000-000000000003', '10000000-0000-0000-0000-000000000004'), -- view_students
    ('00000000-0000-0000-0000-000000000003', '10000000-0000-0000-0000-000000000008'), -- view_classes
    ('00000000-0000-0000-0000-000000000003', '10000000-0000-0000-0000-000000000009'), -- manage_student_attendance
    ('00000000-0000-0000-0000-000000000003', '10000000-0000-0000-0000-000000000010'), -- view_student_attendance
    ('00000000-0000-0000-0000-000000000003', '10000000-0000-0000-0000-000000000014'), -- view_exams
    ('00000000-0000-0000-0000-000000000003', '10000000-0000-0000-0000-000000000015'), -- manage_exam_results
    ('00000000-0000-0000-0000-000000000003', '10000000-0000-0000-0000-000000000016'), -- view_exam_results
    ('00000000-0000-0000-0000-000000000003', '10000000-0000-0000-0000-000000000021'), -- apply_leave
    ('00000000-0000-0000-0000-000000000003', '10000000-0000-0000-0000-000000000024'), -- view_academic_sessions
    ('00000000-0000-0000-0000-000000000003', '10000000-0000-0000-0000-000000000026'); -- view_subject_assignments


-- STUDENT → শুধু নিজের তথ্য দেখতে পারবে
INSERT INTO public.role_permissions (role_id, permission_id) VALUES
    ('00000000-0000-0000-0000-000000000004', '10000000-0000-0000-0000-000000000010'), -- view_student_attendance
    ('00000000-0000-0000-0000-000000000004', '10000000-0000-0000-0000-000000000016'), -- view_exam_results
    ('00000000-0000-0000-0000-000000000004', '10000000-0000-0000-0000-000000000018'), -- view_fees
    ('00000000-0000-0000-0000-000000000004', '10000000-0000-0000-0000-000000000024'); -- view_academic_sessions


-- ACCOUNTANT → শুধু fee সংক্রান্ত
INSERT INTO public.role_permissions (role_id, permission_id) VALUES
    ('00000000-0000-0000-0000-000000000005', '10000000-0000-0000-0000-000000000004'), -- view_students
    ('00000000-0000-0000-0000-000000000005', '10000000-0000-0000-0000-000000000017'), -- manage_fees
    ('00000000-0000-0000-0000-000000000005', '10000000-0000-0000-0000-000000000018'), -- view_fees
    ('00000000-0000-0000-0000-000000000005', '10000000-0000-0000-0000-000000000021'), -- apply_leave
    ('00000000-0000-0000-0000-000000000005', '10000000-0000-0000-0000-000000000022'), -- view_reports
    ('00000000-0000-0000-0000-000000000005', '10000000-0000-0000-0000-000000000024'); -- view_academic_sessions


-- STAFF → সীমিত অ্যাক্সেস
INSERT INTO public.role_permissions (role_id, permission_id) VALUES
    ('00000000-0000-0000-0000-000000000006', '10000000-0000-0000-0000-000000000021'), -- apply_leave
    ('00000000-0000-0000-0000-000000000006', '10000000-0000-0000-0000-000000000024'); -- view_academic_sessions


-- =============================================================================
-- STEP 4: USERS
-- Password সবার জন্য: "Password@123"
-- bcrypt hash (cost 10): $2b$10$92IXUNpkjO0rOQ5byMi.Ye4oKoEa3Ro9llC/.og/at2.uheWG/igi
-- =============================================================================

INSERT INTO public.users (id, full_name, email, password, role_id, is_active, gender) VALUES

    -- Super Admin
    (
        'a0000000-0000-0000-0000-000000000001',
        'System Super Admin',
        'superadmin@school.com',
        '$2b$10$92IXUNpkjO0rOQ5byMi.Ye4oKoEa3Ro9llC/.og/at2.uheWG/igi',
        '00000000-0000-0000-0000-000000000001',
        TRUE,
        'MALE'
    ),

    -- Admin
    (
        'a0000000-0000-0000-0000-000000000002',
        'Karim Admin',
        'admin@school.com',
        '$2b$10$92IXUNpkjO0rOQ5byMi.Ye4oKoEa3Ro9llC/.og/at2.uheWG/igi',
        '00000000-0000-0000-0000-000000000002',
        TRUE,
        'MALE'
    ),

    -- Teachers (6 জন)
    (
        'a0000000-0000-0000-0000-000000000003',
        'Rohim Uddin',
        'rohim@school.com',
        '$2b$10$92IXUNpkjO0rOQ5byMi.Ye4oKoEa3Ro9llC/.og/at2.uheWG/igi',
        '00000000-0000-0000-0000-000000000003',
        TRUE,
        'MALE'
    ),
    (
        'a0000000-0000-0000-0000-000000000004',
        'Sumaiya Akter',
        'sumaiya@school.com',
        '$2b$10$92IXUNpkjO0rOQ5byMi.Ye4oKoEa3Ro9llC/.og/at2.uheWG/igi',
        '00000000-0000-0000-0000-000000000003',
        TRUE,
        'FEMALE'
    ),
    (
        'a0000000-0000-0000-0000-000000000005',
        'Jamal Hossain',
        'jamal@school.com',
        '$2b$10$92IXUNpkjO0rOQ5byMi.Ye4oKoEa3Ro9llC/.og/at2.uheWG/igi',
        '00000000-0000-0000-0000-000000000003',
        TRUE,
        'MALE'
    ),
    (
        'a0000000-0000-0000-0000-000000000006',
        'Nasrin Begum',
        'nasrin@school.com',
        '$2b$10$92IXUNpkjO0rOQ5byMi.Ye4oKoEa3Ro9llC/.og/at2.uheWG/igi',
        '00000000-0000-0000-0000-000000000003',
        TRUE,
        'FEMALE'
    ),
    (
        'a0000000-0000-0000-0000-000000000007',
        'Faruk Ahmed',
        'faruk@school.com',
        '$2b$10$92IXUNpkjO0rOQ5byMi.Ye4oKoEa3Ro9llC/.og/at2.uheWG/igi',
        '00000000-0000-0000-0000-000000000003',
        TRUE,
        'MALE'
    ),
    (
        'a0000000-0000-0000-0000-000000000008',
        'Roksana Islam',
        'roksana@school.com',
        '$2b$10$92IXUNpkjO0rOQ5byMi.Ye4oKoEa3Ro9llC/.og/at2.uheWG/igi',
        '00000000-0000-0000-0000-000000000003',
        TRUE,
        'FEMALE'
    ),

    -- Accountant
    (
        'a0000000-0000-0000-0000-000000000009',
        'Rahim Accountant',
        'accountant@school.com',
        '$2b$10$92IXUNpkjO0rOQ5byMi.Ye4oKoEa3Ro9llC/.og/at2.uheWG/igi',
        '00000000-0000-0000-0000-000000000005',
        TRUE,
        'MALE'
    ),

    -- Students (10 জন)
    (
        'a0000000-0000-0000-0000-000000000010',
        'Arif Hasan',
        'arif@student.school.com',
        '$2b$10$92IXUNpkjO0rOQ5byMi.Ye4oKoEa3Ro9llC/.og/at2.uheWG/igi',
        '00000000-0000-0000-0000-000000000004',
        TRUE,
        'MALE'
    ),
    (
        'a0000000-0000-0000-0000-000000000011',
        'Mitu Akter',
        'mitu@student.school.com',
        '$2b$10$92IXUNpkjO0rOQ5byMi.Ye4oKoEa3Ro9llC/.og/at2.uheWG/igi',
        '00000000-0000-0000-0000-000000000004',
        TRUE,
        'FEMALE'
    ),
    (
        'a0000000-0000-0000-0000-000000000012',
        'Sabbir Rahman',
        'sabbir@student.school.com',
        '$2b$10$92IXUNpkjO0rOQ5byMi.Ye4oKoEa3Ro9llC/.og/at2.uheWG/igi',
        '00000000-0000-0000-0000-000000000004',
        TRUE,
        'MALE'
    ),
    (
        'a0000000-0000-0000-0000-000000000013',
        'Tania Sultana',
        'tania@student.school.com',
        '$2b$10$92IXUNpkjO0rOQ5byMi.Ye4oKoEa3Ro9llC/.og/at2.uheWG/igi',
        '00000000-0000-0000-0000-000000000004',
        TRUE,
        'FEMALE'
    ),
    (
        'a0000000-0000-0000-0000-000000000014',
        'Nabil Islam',
        'nabil@student.school.com',
        '$2b$10$92IXUNpkjO0rOQ5byMi.Ye4oKoEa3Ro9llC/.og/at2.uheWG/igi',
        '00000000-0000-0000-0000-000000000004',
        TRUE,
        'MALE'
    ),
    (
        'a0000000-0000-0000-0000-000000000015',
        'Sadia Islam',
        'sadia@student.school.com',
        '$2b$10$92IXUNpkjO0rOQ5byMi.Ye4oKoEa3Ro9llC/.og/at2.uheWG/igi',
        '00000000-0000-0000-0000-000000000004',
        TRUE,
        'FEMALE'
    ),
    (
        'a0000000-0000-0000-0000-000000000016',
        'Rakib Hossain',
        'rakib@student.school.com',
        '$2b$10$92IXUNpkjO0rOQ5byMi.Ye4oKoEa3Ro9llC/.og/at2.uheWG/igi',
        '00000000-0000-0000-0000-000000000004',
        TRUE,
        'MALE'
    ),
    (
        'a0000000-0000-0000-0000-000000000017',
        'Nusrat Jahan',
        'nusrat@student.school.com',
        '$2b$10$92IXUNpkjO0rOQ5byMi.Ye4oKoEa3Ro9llC/.og/at2.uheWG/igi',
        '00000000-0000-0000-0000-000000000004',
        TRUE,
        'FEMALE'
    ),
    (
        'a0000000-0000-0000-0000-000000000018',
        'Imran Khan',
        'imran@student.school.com',
        '$2b$10$92IXUNpkjO0rOQ5byMi.Ye4oKoEa3Ro9llC/.og/at2.uheWG/igi',
        '00000000-0000-0000-0000-000000000004',
        TRUE,
        'MALE'
    ),
    (
        'a0000000-0000-0000-0000-000000000019',
        'Puja Das',
        'puja@student.school.com',
        '$2b$10$92IXUNpkjO0rOQ5byMi.Ye4oKoEa3Ro9llC/.og/at2.uheWG/igi',
        '00000000-0000-0000-0000-000000000004',
        TRUE,
        'FEMALE'
    );


-- =============================================================================
-- STEP 5: TEACHERS (বিস্তারিত তথ্য)
-- =============================================================================

INSERT INTO public.teachers (id, user_id, phone, designation, qualification, joining_date) VALUES
    (
        'b0000000-0000-0000-0000-000000000001',
        'a0000000-0000-0000-0000-000000000003',
        '01711-000001',
        'Senior Teacher',
        'B.Ed, M.A (Bangla)',
        '2015-01-10'
    ),
    (
        'b0000000-0000-0000-0000-000000000002',
        'a0000000-0000-0000-0000-000000000004',
        '01711-000002',
        'Assistant Teacher',
        'B.Ed, M.Sc (Mathematics)',
        '2017-03-15'
    ),
    (
        'b0000000-0000-0000-0000-000000000003',
        'a0000000-0000-0000-0000-000000000005',
        '01711-000003',
        'Senior Teacher',
        'B.Ed, M.A (English)',
        '2013-06-01'
    ),
    (
        'b0000000-0000-0000-0000-000000000004',
        'a0000000-0000-0000-0000-000000000006',
        '01711-000004',
        'Assistant Teacher',
        'B.Ed, M.Sc (Science)',
        '2019-08-20'
    ),
    (
        'b0000000-0000-0000-0000-000000000005',
        'a0000000-0000-0000-0000-000000000007',
        '01711-000005',
        'Senior Teacher',
        'B.Ed, M.A (Social Science)',
        '2016-11-05'
    ),
    (
        'b0000000-0000-0000-0000-000000000006',
        'a0000000-0000-0000-0000-000000000008',
        '01711-000006',
        'Assistant Teacher',
        'B.Ed, M.Sc (ICT)',
        '2020-01-12'
    );


-- =============================================================================
-- STEP 6: STUDENTS (বিস্তারিত তথ্য)
-- =============================================================================

INSERT INTO public.students (id, student_code, user_id, date_of_birth, guardian_name, guardian_phone, address) VALUES
    ('c0000000-0000-0000-0000-000000000001', 'STU-2024-001', 'a0000000-0000-0000-0000-000000000010', '2014-03-15', 'Hasan Ali',      '01811-001001', 'Mirpur, Dhaka'),
    ('c0000000-0000-0000-0000-000000000002', 'STU-2024-002', 'a0000000-0000-0000-0000-000000000011', '2014-07-22', 'Kamal Akter',    '01811-001002', 'Mohammadpur, Dhaka'),
    ('c0000000-0000-0000-0000-000000000003', 'STU-2024-003', 'a0000000-0000-0000-0000-000000000012', '2013-11-05', 'Nazrul Rahman',  '01811-001003', 'Dhanmondi, Dhaka'),
    ('c0000000-0000-0000-0000-000000000004', 'STU-2024-004', 'a0000000-0000-0000-0000-000000000013', '2014-01-30', 'Rafiq Sultana',  '01811-001004', 'Banani, Dhaka'),
    ('c0000000-0000-0000-0000-000000000005', 'STU-2024-005', 'a0000000-0000-0000-0000-000000000014', '2013-09-18', 'Islam Uddin',    '01811-001005', 'Uttara, Dhaka'),
    ('c0000000-0000-0000-0000-000000000006', 'STU-2024-006', 'a0000000-0000-0000-0000-000000000015', '2015-05-10', 'Rahim Islam',    '01811-001006', 'Gulshan, Dhaka'),
    ('c0000000-0000-0000-0000-000000000007', 'STU-2024-007', 'a0000000-0000-0000-0000-000000000016', '2015-02-28', 'Karim Hossain',  '01811-001007', 'Badda, Dhaka'),
    ('c0000000-0000-0000-0000-000000000008', 'STU-2024-008', 'a0000000-0000-0000-0000-000000000017', '2014-12-12', 'Jamal Jahan',    '01811-001008', 'Rampura, Dhaka'),
    ('c0000000-0000-0000-0000-000000000009', 'STU-2024-009', 'a0000000-0000-0000-0000-000000000018', '2013-08-07', 'Faruk Khan',     '01811-001009', 'Khilgaon, Dhaka'),
    ('c0000000-0000-0000-0000-000000000010', 'STU-2024-010', 'a0000000-0000-0000-0000-000000000019', '2014-06-25', 'Suresh Das',     '01811-001010', 'Lalbagh, Dhaka');


-- =============================================================================
-- STEP 7: CLASSES
-- =============================================================================

INSERT INTO public.classes (id, name) VALUES
    ('d0000000-0000-0000-0000-000000000001', 'Class 1'),
    ('d0000000-0000-0000-0000-000000000002', 'Class 2'),
    ('d0000000-0000-0000-0000-000000000003', 'Class 3'),
    ('d0000000-0000-0000-0000-000000000004', 'Class 4'),
    ('d0000000-0000-0000-0000-000000000005', 'Class 5');


-- =============================================================================
-- STEP 8: SECTIONS
-- প্রতিটি Class এ Section A এবং B
-- =============================================================================

INSERT INTO public.sections (id, class_id, name, max_capacity) VALUES
    -- Class 1
    ('e0000000-0000-0000-0000-000000000001', 'd0000000-0000-0000-0000-000000000001', 'A', 40),
    ('e0000000-0000-0000-0000-000000000002', 'd0000000-0000-0000-0000-000000000001', 'B', 40),
    -- Class 2
    ('e0000000-0000-0000-0000-000000000003', 'd0000000-0000-0000-0000-000000000002', 'A', 40),
    ('e0000000-0000-0000-0000-000000000004', 'd0000000-0000-0000-0000-000000000002', 'B', 40),
    -- Class 3
    ('e0000000-0000-0000-0000-000000000005', 'd0000000-0000-0000-0000-000000000003', 'A', 40),
    ('e0000000-0000-0000-0000-000000000006', 'd0000000-0000-0000-0000-000000000003', 'B', 40),
    -- Class 4
    ('e0000000-0000-0000-0000-000000000007', 'd0000000-0000-0000-0000-000000000004', 'A', 40),
    ('e0000000-0000-0000-0000-000000000008', 'd0000000-0000-0000-0000-000000000004', 'B', 40),
    -- Class 5
    ('e0000000-0000-0000-0000-000000000009', 'd0000000-0000-0000-0000-000000000005', 'A', 40),
    ('e0000000-0000-0000-0000-000000000010', 'd0000000-0000-0000-0000-000000000005', 'B', 40);


-- =============================================================================
-- STEP 9: ACADEMIC SESSIONS
-- =============================================================================

INSERT INTO public.academic_sessions (id, name, start_date, end_date, is_active, admission_test_enabled) VALUES
    (
        'f0000000-0000-0000-0000-000000000001',
        '2023-2024',
        '2023-01-01',
        '2023-12-31',
        FALSE,
        FALSE
    ),
    (
        'f0000000-0000-0000-0000-000000000002',
        '2024-2025',
        '2024-01-01',
        '2024-12-31',
        FALSE,
        FALSE
    ),
    (
        'f0000000-0000-0000-0000-000000000003',
        '2025-2026',
        '2025-01-01',
        '2025-12-31',
        TRUE,           -- ✅ বর্তমান চলতি session
        TRUE
    );


-- =============================================================================
-- STEP 10: SUBJECTS
-- =============================================================================

INSERT INTO public.subjects (id, name, code) VALUES
    ('g0000000-0000-0000-0000-000000000001', 'বাংলা',          'BAN01'),
    ('g0000000-0000-0000-0000-000000000002', 'ইংরেজি',         'ENG01'),
    ('g0000000-0000-0000-0000-000000000003', 'গণিত',           'MAT01'),
    ('g0000000-0000-0000-0000-000000000004', 'বিজ্ঞান',         'SCI01'),
    ('g0000000-0000-0000-0000-000000000005', 'সমাজ বিজ্ঞান',   'SOC01'),
    ('g0000000-0000-0000-0000-000000000006', 'তথ্য প্রযুক্তি', 'ICT01'),
    ('g0000000-0000-0000-0000-000000000007', 'ধর্ম',            'REL01');


-- =============================================================================
-- STEP 11: SUBJECT ASSIGNMENTS
-- Rohim (Class 1-A) → বাংলা ও গণিত পড়ায়
-- Sumaiya (Class 1-B) → বাংলা ও গণিত পড়ায়
-- Jamal (Class 2-A) → ইংরেজি পড়ায়
-- ইত্যাদি
-- =============================================================================

INSERT INTO public.subject_assignments
    (id, teacher_id, class_id, section_id, subject_id, academic_session_id, assigned_by)
VALUES
    -- Rohim → Class 1, Section A → বাংলা
    (
        'h0000000-0000-0000-0000-000000000001',
        'b0000000-0000-0000-0000-000000000001',
        'd0000000-0000-0000-0000-000000000001',
        'e0000000-0000-0000-0000-000000000001',
        'g0000000-0000-0000-0000-000000000001',
        'f0000000-0000-0000-0000-000000000003',
        'a0000000-0000-0000-0000-000000000002'
    ),
    -- Rohim → Class 1, Section A → গণিত
    (
        'h0000000-0000-0000-0000-000000000002',
        'b0000000-0000-0000-0000-000000000001',
        'd0000000-0000-0000-0000-000000000001',
        'e0000000-0000-0000-0000-000000000001',
        'g0000000-0000-0000-0000-000000000003',
        'f0000000-0000-0000-0000-000000000003',
        'a0000000-0000-0000-0000-000000000002'
    ),
    -- Sumaiya → Class 1, Section B → বাংলা
    (
        'h0000000-0000-0000-0000-000000000003',
        'b0000000-0000-0000-0000-000000000002',
        'd0000000-0000-0000-0000-000000000001',
        'e0000000-0000-0000-0000-000000000002',
        'g0000000-0000-0000-0000-000000000001',
        'f0000000-0000-0000-0000-000000000003',
        'a0000000-0000-0000-0000-000000000002'
    ),
    -- Sumaiya → Class 1, Section B → গণিত
    (
        'h0000000-0000-0000-0000-000000000004',
        'b0000000-0000-0000-0000-000000000002',
        'd0000000-0000-0000-0000-000000000001',
        'e0000000-0000-0000-0000-000000000002',
        'g0000000-0000-0000-0000-000000000003',
        'f0000000-0000-0000-0000-000000000003',
        'a0000000-0000-0000-0000-000000000002'
    ),
    -- Jamal → Class 2, Section A → ইংরেজি
    (
        'h0000000-0000-0000-0000-000000000005',
        'b0000000-0000-0000-0000-000000000003',
        'd0000000-0000-0000-0000-000000000002',
        'e0000000-0000-0000-0000-000000000003',
        'g0000000-0000-0000-0000-000000000002',
        'f0000000-0000-0000-0000-000000000003',
        'a0000000-0000-0000-0000-000000000002'
    ),
    -- Nasrin → Class 3, Section A → বিজ্ঞান
    (
        'h0000000-0000-0000-0000-000000000006',
        'b0000000-0000-0000-0000-000000000004',
        'd0000000-0000-0000-0000-000000000003',
        'e0000000-0000-0000-0000-000000000005',
        'g0000000-0000-0000-0000-000000000004',
        'f0000000-0000-0000-0000-000000000003',
        'a0000000-0000-0000-0000-000000000002'
    ),
    -- Faruk → Class 4, Section A → সমাজ বিজ্ঞান
    (
        'h0000000-0000-0000-0000-000000000007',
        'b0000000-0000-0000-0000-000000000005',
        'd0000000-0000-0000-0000-000000000004',
        'e0000000-0000-0000-0000-000000000007',
        'g0000000-0000-0000-0000-000000000005',
        'f0000000-0000-0000-0000-000000000003',
        'a0000000-0000-0000-0000-000000000002'
    ),
    -- Roksana → Class 5, Section A → তথ্য প্রযুক্তি
    (
        'h0000000-0000-0000-0000-000000000008',
        'b0000000-0000-0000-0000-000000000006',
        'd0000000-0000-0000-0000-000000000005',
        'e0000000-0000-0000-0000-000000000009',
        'g0000000-0000-0000-0000-000000000006',
        'f0000000-0000-0000-0000-000000000003',
        'a0000000-0000-0000-0000-000000000002'
    );


-- =============================================================================
-- STEP 12: STUDENT ENROLLMENTS
-- ছাত্ররা Class 1 Section A ও B তে ভর্তি
-- =============================================================================

INSERT INTO public.student_enrollments
    (id, student_id, class_id, section_id, academic_session_id, roll_number)
VALUES
    -- Class 1, Section A (5 জন)
    ('i0000000-0000-0000-0000-000000000001', 'c0000000-0000-0000-0000-000000000001', 'd0000000-0000-0000-0000-000000000001', 'e0000000-0000-0000-0000-000000000001', 'f0000000-0000-0000-0000-000000000003', 1),
    ('i0000000-0000-0000-0000-000000000002', 'c0000000-0000-0000-0000-000000000002', 'd0000000-0000-0000-0000-000000000001', 'e0000000-0000-0000-0000-000000000001', 'f0000000-0000-0000-0000-000000000003', 2),
    ('i0000000-0000-0000-0000-000000000003', 'c0000000-0000-0000-0000-000000000003', 'd0000000-0000-0000-0000-000000000001', 'e0000000-0000-0000-0000-000000000001', 'f0000000-0000-0000-0000-000000000003', 3),
    ('i0000000-0000-0000-0000-000000000004', 'c0000000-0000-0000-0000-000000000004', 'd0000000-0000-0000-0000-000000000001', 'e0000000-0000-0000-0000-000000000001', 'f0000000-0000-0000-0000-000000000003', 4),
    ('i0000000-0000-0000-0000-000000000005', 'c0000000-0000-0000-0000-000000000005', 'd0000000-0000-0000-0000-000000000001', 'e0000000-0000-0000-0000-000000000001', 'f0000000-0000-0000-0000-000000000003', 5),
    -- Class 1, Section B (5 জন)
    ('i0000000-0000-0000-0000-000000000006', 'c0000000-0000-0000-0000-000000000006', 'd0000000-0000-0000-0000-000000000001', 'e0000000-0000-0000-0000-000000000002', 'f0000000-0000-0000-0000-000000000003', 1),
    ('i0000000-0000-0000-0000-000000000007', 'c0000000-0000-0000-0000-000000000007', 'd0000000-0000-0000-0000-000000000001', 'e0000000-0000-0000-0000-000000000002', 'f0000000-0000-0000-0000-000000000003', 2),
    ('i0000000-0000-0000-0000-000000000008', 'c0000000-0000-0000-0000-000000000008', 'd0000000-0000-0000-0000-000000000001', 'e0000000-0000-0000-0000-000000000002', 'f0000000-0000-0000-0000-000000000003', 3),
    ('i0000000-0000-0000-0000-000000000009', 'c0000000-0000-0000-0000-000000000009', 'd0000000-0000-0000-0000-000000000001', 'e0000000-0000-0000-0000-000000000002', 'f0000000-0000-0000-0000-000000000003', 4),
    ('i0000000-0000-0000-0000-000000000010', 'c0000000-0000-0000-0000-000000000010', 'd0000000-0000-0000-0000-000000000001', 'e0000000-0000-0000-0000-000000000002', 'f0000000-0000-0000-0000-000000000003', 5);


-- =============================================================================
-- STEP 13: EXAMS
-- =============================================================================

INSERT INTO public.exams (id, name, class_id, academic_session_id, exam_date, exam_type) VALUES
    (
        'j0000000-0000-0000-0000-000000000001',
        'প্রথম সাময়িক পরীক্ষা',
        'd0000000-0000-0000-0000-000000000001',
        'f0000000-0000-0000-0000-000000000003',
        '2025-03-15',
        'MIDTERM'
    ),
    (
        'j0000000-0000-0000-0000-000000000002',
        'দ্বিতীয় সাময়িক পরীক্ষা',
        'd0000000-0000-0000-0000-000000000001',
        'f0000000-0000-0000-0000-000000000003',
        '2025-07-20',
        'MIDTERM'
    ),
    (
        'j0000000-0000-0000-0000-000000000003',
        'বার্ষিক পরীক্ষা',
        'd0000000-0000-0000-0000-000000000001',
        'f0000000-0000-0000-0000-000000000003',
        '2025-11-25',
        'FINAL'
    );


-- =============================================================================
-- STEP 14: EXAM RESULTS (প্রথম সাময়িক পরীক্ষার ফলাফল)
-- =============================================================================

INSERT INTO public.exam_results (exam_id, student_id, subject_id, marks, grade) VALUES
    -- Arif (STU-001) → বাংলা ও গণিত
    ('j0000000-0000-0000-0000-000000000001', 'c0000000-0000-0000-0000-000000000001', 'g0000000-0000-0000-0000-000000000001', 85.00, 'A'),
    ('j0000000-0000-0000-0000-000000000001', 'c0000000-0000-0000-0000-000000000001', 'g0000000-0000-0000-0000-000000000003', 90.00, 'A+'),
    -- Mitu (STU-002) → বাংলা ও গণিত
    ('j0000000-0000-0000-0000-000000000001', 'c0000000-0000-0000-0000-000000000002', 'g0000000-0000-0000-0000-000000000001', 78.00, 'A'),
    ('j0000000-0000-0000-0000-000000000001', 'c0000000-0000-0000-0000-000000000002', 'g0000000-0000-0000-0000-000000000003', 82.00, 'A'),
    -- Sabbir (STU-003) → বাংলা ও গণিত
    ('j0000000-0000-0000-0000-000000000001', 'c0000000-0000-0000-0000-000000000003', 'g0000000-0000-0000-0000-000000000001', 91.00, 'A+'),
    ('j0000000-0000-0000-0000-000000000001', 'c0000000-0000-0000-0000-000000000003', 'g0000000-0000-0000-0000-000000000003', 88.00, 'A+'),
    -- Tania (STU-004) → বাংলা ও গণিত
    ('j0000000-0000-0000-0000-000000000001', 'c0000000-0000-0000-0000-000000000004', 'g0000000-0000-0000-0000-000000000001', 72.00, 'A'),
    ('j0000000-0000-0000-0000-000000000001', 'c0000000-0000-0000-0000-000000000004', 'g0000000-0000-0000-0000-000000000003', 68.00, 'B'),
    -- Nabil (STU-005) → বাংলা ও গণিত
    ('j0000000-0000-0000-0000-000000000001', 'c0000000-0000-0000-0000-000000000005', 'g0000000-0000-0000-0000-000000000001', 95.00, 'A+'),
    ('j0000000-0000-0000-0000-000000000001', 'c0000000-0000-0000-0000-000000000005', 'g0000000-0000-0000-0000-000000000003', 93.00, 'A+');


-- =============================================================================
-- STEP 15: STUDENT ATTENDANCE (৩ দিনের sample)
-- =============================================================================

INSERT INTO public.student_attendance (student_id, class_id, section_id, attendance_date, status) VALUES
    -- ২০২৫-০৬-০১
    ('c0000000-0000-0000-0000-000000000001', 'd0000000-0000-0000-0000-000000000001', 'e0000000-0000-0000-0000-000000000001', '2025-06-01', 'PRESENT'),
    ('c0000000-0000-0000-0000-000000000002', 'd0000000-0000-0000-0000-000000000001', 'e0000000-0000-0000-0000-000000000001', '2025-06-01', 'PRESENT'),
    ('c0000000-0000-0000-0000-000000000003', 'd0000000-0000-0000-0000-000000000001', 'e0000000-0000-0000-0000-000000000001', '2025-06-01', 'ABSENT'),
    ('c0000000-0000-0000-0000-000000000004', 'd0000000-0000-0000-0000-000000000001', 'e0000000-0000-0000-0000-000000000001', '2025-06-01', 'LATE'),
    ('c0000000-0000-0000-0000-000000000005', 'd0000000-0000-0000-0000-000000000001', 'e0000000-0000-0000-0000-000000000001', '2025-06-01', 'PRESENT'),
    -- ২০২৫-০৬-০২
    ('c0000000-0000-0000-0000-000000000001', 'd0000000-0000-0000-0000-000000000001', 'e0000000-0000-0000-0000-000000000001', '2025-06-02', 'PRESENT'),
    ('c0000000-0000-0000-0000-000000000002', 'd0000000-0000-0000-0000-000000000001', 'e0000000-0000-0000-0000-000000000001', '2025-06-02', 'EXCUSED'),
    ('c0000000-0000-0000-0000-000000000003', 'd0000000-0000-0000-0000-000000000001', 'e0000000-0000-0000-0000-000000000001', '2025-06-02', 'PRESENT'),
    ('c0000000-0000-0000-0000-000000000004', 'd0000000-0000-0000-0000-000000000001', 'e0000000-0000-0000-0000-000000000001', '2025-06-02', 'PRESENT'),
    ('c0000000-0000-0000-0000-000000000005', 'd0000000-0000-0000-0000-000000000001', 'e0000000-0000-0000-0000-000000000001', '2025-06-02', 'ABSENT'),
    -- ২০২৫-০৬-০৩
    ('c0000000-0000-0000-0000-000000000001', 'd0000000-0000-0000-0000-000000000001', 'e0000000-0000-0000-0000-000000000001', '2025-06-03', 'PRESENT'),
    ('c0000000-0000-0000-0000-000000000002', 'd0000000-0000-0000-0000-000000000001', 'e0000000-0000-0000-0000-000000000001', '2025-06-03', 'PRESENT'),
    ('c0000000-0000-0000-0000-000000000003', 'd0000000-0000-0000-0000-000000000001', 'e0000000-0000-0000-0000-000000000001', '2025-06-03', 'PRESENT'),
    ('c0000000-0000-0000-0000-000000000004', 'd0000000-0000-0000-0000-000000000001', 'e0000000-0000-0000-0000-000000000001', '2025-06-03', 'LATE'),
    ('c0000000-0000-0000-0000-000000000005', 'd0000000-0000-0000-0000-000000000001', 'e0000000-0000-0000-0000-000000000001', '2025-06-03', 'PRESENT');


-- =============================================================================
-- STEP 16: ATTENDANCE LOGS - Staff/Teacher (৩ দিনের sample)
-- =============================================================================

INSERT INTO public.attendance_logs
    (user_id, attendance_date, check_in, check_out, total_work_minutes, status, ip_address, check_in_latitude, check_in_longitude, check_out_latitude, check_out_longitude)
VALUES
    -- Rohim - ২০২৫-০৬-০১
    ('a0000000-0000-0000-0000-000000000003', '2025-06-01', '2025-06-01 08:00:00', '2025-06-01 16:00:00', 480, 'PRESENT', '192.168.1.10', 23.8103, 90.4125, 23.8103, 90.4125),
    -- Sumaiya - ২০২৫-০৬-০১
    ('a0000000-0000-0000-0000-000000000004', '2025-06-01', '2025-06-01 08:15:00', '2025-06-01 16:00:00', 465, 'PRESENT', '192.168.1.11', 23.8103, 90.4125, 23.8103, 90.4125),
    -- Jamal - ২০২৫-০৬-০১ (অনুপস্থিত)
    ('a0000000-0000-0000-0000-000000000005', '2025-06-01', NULL, NULL, 0, 'ABSENT', NULL, NULL, NULL, NULL, NULL),
    -- Rohim - ২০২৫-০৬-০২
    ('a0000000-0000-0000-0000-000000000003', '2025-06-02', '2025-06-02 08:05:00', '2025-06-02 16:00:00', 475, 'PRESENT', '192.168.1.10', 23.8103, 90.4125, 23.8103, 90.4125),
    -- Sumaiya - ২০২৫-০৬-০২
    ('a0000000-0000-0000-0000-000000000004', '2025-06-02', '2025-06-02 08:30:00', '2025-06-02 16:00:00', 450, 'LATE',    '192.168.1.11', 23.8103, 90.4125, 23.8103, 90.4125),
    -- Admin - ২০২৫-০৬-০২
    ('a0000000-0000-0000-0000-000000000002', '2025-06-02', '2025-06-02 09:00:00', '2025-06-02 17:00:00', 480, 'PRESENT', '192.168.1.5',  23.8103, 90.4125, 23.8103, 90.4125);


-- =============================================================================
-- STEP 17: FEE STRUCTURES
-- =============================================================================

INSERT INTO public.fee_structures (class_id, academic_session_id, amount, due_date, description) VALUES
    ('d0000000-0000-0000-0000-000000000001', 'f0000000-0000-0000-0000-000000000003', 2500.00, '2025-01-31', 'Class 1 - প্রথম সেমিস্টার ফি'),
    ('d0000000-0000-0000-0000-000000000001', 'f0000000-0000-0000-0000-000000000003', 2500.00, '2025-07-31', 'Class 1 - দ্বিতীয় সেমিস্টার ফি'),
    ('d0000000-0000-0000-0000-000000000002', 'f0000000-0000-0000-0000-000000000003', 2800.00, '2025-01-31', 'Class 2 - প্রথম সেমিস্টার ফি'),
    ('d0000000-0000-0000-0000-000000000002', 'f0000000-0000-0000-0000-000000000003', 2800.00, '2025-07-31', 'Class 2 - দ্বিতীয় সেমিস্টার ফি'),
    ('d0000000-0000-0000-0000-000000000003', 'f0000000-0000-0000-0000-000000000003', 3000.00, '2025-01-31', 'Class 3 - প্রথম সেমিস্টার ফি'),
    ('d0000000-0000-0000-0000-000000000004', 'f0000000-0000-0000-0000-000000000003', 3200.00, '2025-01-31', 'Class 4 - প্রথম সেমিস্টার ফি'),
    ('d0000000-0000-0000-0000-000000000005', 'f0000000-0000-0000-0000-000000000003', 3500.00, '2025-01-31', 'Class 5 - প্রথম সেমিস্টার ফি');


-- =============================================================================
-- STEP 18: LEAVES
-- =============================================================================

INSERT INTO public.leaves (user_id, leave_type, start_date, end_date, reason, status) VALUES
    (
        'a0000000-0000-0000-0000-000000000005',
        'SICK',
        '2025-06-01',
        '2025-06-01',
        'জ্বর ও সর্দির কারণে অসুস্থ',
        'APPROVED'
    ),
    (
        'a0000000-0000-0000-0000-000000000004',
        'CASUAL',
        '2025-06-10',
        '2025-06-11',
        'পারিবারিক অনুষ্ঠান',
        'PENDING'
    ),
    (
        'a0000000-0000-0000-0000-000000000006',
        'ANNUAL',
        '2025-07-01',
        '2025-07-07',
        'বার্ষিক ছুটি',
        'PENDING'
    );


-- =============================================================================
-- সব ঠিকঠাক থাকলে COMMIT
-- =============================================================================
COMMIT;


-- =============================================================================
-- END OF SEED
-- =============================================================================
-- সারসংক্ষেপ:
--   Roles        : 6
--   Permissions  : 26
--   Users        : 19 (1 superadmin, 1 admin, 6 teachers, 1 accountant, 10 students)
--   Teachers     : 6
--   Students     : 10
--   Classes      : 5
--   Sections     : 10 (প্রতি class এ 2টি)
--   Sessions     : 3 (1টি active)
--   Subjects     : 7
--   Assignments  : 8
--   Enrollments  : 10
--   Exams        : 3
--   Results      : 10
--   Attendance   : 15 (student), 6 (staff)
--   Fees         : 7
--   Leaves       : 3
--
-- Default Password সবার জন্য: Password@123
--
-- Login করতে পারবে:
--   superadmin@school.com  → SUPER_ADMIN
--   admin@school.com       → ADMIN
--   rohim@school.com       → TEACHER (Class 1-A assigned)
--   sumaiya@school.com     → TEACHER (Class 1-B assigned)
--   accountant@school.com  → ACCOUNTANT
--   arif@student.school.com → STUDENT
--
-- Run command:
--   psql -U your_username -d your_database -f seed.sql
-- =============================================================================