-- =============================================================================
-- FILE: seed.sql
-- PROJECT: School Management System
-- DESCRIPTION: Initial seed data for development and testing
-- CREATED: 2026-06-09
-- =============================================================================
-- UUID PREFIX MAP (all valid hex: 0-9, a-f only)
-- roles            : 00000000-...
-- permissions      : 10000000-...  (1 is valid hex)
-- users            : a0000000-...  (a is valid hex)
-- teachers         : b0000000-...  (b is valid hex)
-- students         : c0000000-...  (c is valid hex)
-- classes          : d0000000-...  (d is valid hex)
-- sections         : e0000000-...  (e is valid hex)
-- sessions         : f0000000-...  (f is valid hex)
-- subjects         : 20000000-...  (was g - FIXED)
-- assignments      : 30000000-...  (was h - FIXED)
-- enrollments      : 40000000-...  (was i - FIXED)
-- exams            : 50000000-...  (was j - FIXED)
-- =============================================================================

BEGIN;

-- =============================================================================
-- STEP 1: ROLES
-- =============================================================================
-- =============================================================================

INSERT INTO public.roles (id, name) VALUES
    ('00000000-0000-0000-0000-000000000001', 'SUPER_ADMIN'),
    ('00000000-0000-0000-0000-000000000002', 'ADMIN'),
    ('00000000-0000-0000-0000-000000000003', 'TEACHER'),
    ('00000000-0000-0000-0000-000000000004', 'STUDENT'),
    ('00000000-0000-0000-0000-000000000005', 'ACCOUNTANT'),
    ('00000000-0000-0000-0000-000000000006', 'STAFF');


-- =============================================================================
-- STEP 2: PERMISSIONS
-- =============================================================================

INSERT INTO public.permissions (id, name) VALUES
    ('10000000-0000-0000-0000-000000000001', 'manage_users'),
    ('10000000-0000-0000-0000-000000000002', 'view_users'),
    ('10000000-0000-0000-0000-000000000003', 'manage_students'),
    ('10000000-0000-0000-0000-000000000004', 'view_students'),
    ('10000000-0000-0000-0000-000000000005', 'manage_teachers'),
    ('10000000-0000-0000-0000-000000000006', 'view_teachers'),
    ('10000000-0000-0000-0000-000000000007', 'manage_classes'),
    ('10000000-0000-0000-0000-000000000008', 'view_classes'),
    ('10000000-0000-0000-0000-000000000009', 'manage_student_attendance'),
    ('10000000-0000-0000-0000-000000000010', 'view_student_attendance'),
    ('10000000-0000-0000-0000-000000000011', 'manage_staff_attendance'),
    ('10000000-0000-0000-0000-000000000012', 'view_staff_attendance'),
    ('10000000-0000-0000-0000-000000000013', 'manage_exams'),
    ('10000000-0000-0000-0000-000000000014', 'view_exams'),
    ('10000000-0000-0000-0000-000000000015', 'manage_exam_results'),
    ('10000000-0000-0000-0000-000000000016', 'view_exam_results'),
    ('10000000-0000-0000-0000-000000000017', 'manage_fees'),
    ('10000000-0000-0000-0000-000000000018', 'view_fees'),
    ('10000000-0000-0000-0000-000000000019', 'manage_leaves'),
    ('10000000-0000-0000-0000-000000000020', 'view_leaves'),
    ('10000000-0000-0000-0000-000000000021', 'apply_leave'),
    ('10000000-0000-0000-0000-000000000022', 'view_reports'),
    ('10000000-0000-0000-0000-000000000023', 'manage_academic_sessions'),
    ('10000000-0000-0000-0000-000000000024', 'view_academic_sessions'),
    ('10000000-0000-0000-0000-000000000025', 'manage_subject_assignments'),
    ('10000000-0000-0000-0000-000000000026', 'view_subject_assignments');


-- =============================================================================
-- STEP 3: ROLE PERMISSIONS
-- =============================================================================

-- SUPER_ADMIN: all permissions
INSERT INTO public.role_permissions (role_id, permission_id)
SELECT '00000000-0000-0000-0000-000000000001', id FROM public.permissions;

-- ADMIN
INSERT INTO public.role_permissions (role_id, permission_id) VALUES
    ('00000000-0000-0000-0000-000000000002', '10000000-0000-0000-0000-000000000002'),
    ('00000000-0000-0000-0000-000000000002', '10000000-0000-0000-0000-000000000003'),
    ('00000000-0000-0000-0000-000000000002', '10000000-0000-0000-0000-000000000004'),
    ('00000000-0000-0000-0000-000000000002', '10000000-0000-0000-0000-000000000005'),
    ('00000000-0000-0000-0000-000000000002', '10000000-0000-0000-0000-000000000006'),
    ('00000000-0000-0000-0000-000000000002', '10000000-0000-0000-0000-000000000007'),
    ('00000000-0000-0000-0000-000000000002', '10000000-0000-0000-0000-000000000008'),
    ('00000000-0000-0000-0000-000000000002', '10000000-0000-0000-0000-000000000009'),
    ('00000000-0000-0000-0000-000000000002', '10000000-0000-0000-0000-000000000010'),
    ('00000000-0000-0000-0000-000000000002', '10000000-0000-0000-0000-000000000011'),
    ('00000000-0000-0000-0000-000000000002', '10000000-0000-0000-0000-000000000012'),
    ('00000000-0000-0000-0000-000000000002', '10000000-0000-0000-0000-000000000013'),
    ('00000000-0000-0000-0000-000000000002', '10000000-0000-0000-0000-000000000014'),
    ('00000000-0000-0000-0000-000000000002', '10000000-0000-0000-0000-000000000015'),
    ('00000000-0000-0000-0000-000000000002', '10000000-0000-0000-0000-000000000016'),
    ('00000000-0000-0000-0000-000000000002', '10000000-0000-0000-0000-000000000017'),
    ('00000000-0000-0000-0000-000000000002', '10000000-0000-0000-0000-000000000018'),
    ('00000000-0000-0000-0000-000000000002', '10000000-0000-0000-0000-000000000019'),
    ('00000000-0000-0000-0000-000000000002', '10000000-0000-0000-0000-000000000020'),
    ('00000000-0000-0000-0000-000000000002', '10000000-0000-0000-0000-000000000022'),
    ('00000000-0000-0000-0000-000000000002', '10000000-0000-0000-0000-000000000023'),
    ('00000000-0000-0000-0000-000000000002', '10000000-0000-0000-0000-000000000024'),
    ('00000000-0000-0000-0000-000000000002', '10000000-0000-0000-0000-000000000025'),
    ('00000000-0000-0000-0000-000000000002', '10000000-0000-0000-0000-000000000026');

-- TEACHER
INSERT INTO public.role_permissions (role_id, permission_id) VALUES
    ('00000000-0000-0000-0000-000000000003', '10000000-0000-0000-0000-000000000004'),
    ('00000000-0000-0000-0000-000000000003', '10000000-0000-0000-0000-000000000008'),
    ('00000000-0000-0000-0000-000000000003', '10000000-0000-0000-0000-000000000009'),
    ('00000000-0000-0000-0000-000000000003', '10000000-0000-0000-0000-000000000010'),
    ('00000000-0000-0000-0000-000000000003', '10000000-0000-0000-0000-000000000014'),
    ('00000000-0000-0000-0000-000000000003', '10000000-0000-0000-0000-000000000015'),
    ('00000000-0000-0000-0000-000000000003', '10000000-0000-0000-0000-000000000016'),
    ('00000000-0000-0000-0000-000000000003', '10000000-0000-0000-0000-000000000021'),
    ('00000000-0000-0000-0000-000000000003', '10000000-0000-0000-0000-000000000024'),
    ('00000000-0000-0000-0000-000000000003', '10000000-0000-0000-0000-000000000026');

-- STUDENT
INSERT INTO public.role_permissions (role_id, permission_id) VALUES
    ('00000000-0000-0000-0000-000000000004', '10000000-0000-0000-0000-000000000010'),
    ('00000000-0000-0000-0000-000000000004', '10000000-0000-0000-0000-000000000016'),
    ('00000000-0000-0000-0000-000000000004', '10000000-0000-0000-0000-000000000018'),
    ('00000000-0000-0000-0000-000000000004', '10000000-0000-0000-0000-000000000024');

-- ACCOUNTANT
INSERT INTO public.role_permissions (role_id, permission_id) VALUES
    ('00000000-0000-0000-0000-000000000005', '10000000-0000-0000-0000-000000000004'),
    ('00000000-0000-0000-0000-000000000005', '10000000-0000-0000-0000-000000000017'),
    ('00000000-0000-0000-0000-000000000005', '10000000-0000-0000-0000-000000000018'),
    ('00000000-0000-0000-0000-000000000005', '10000000-0000-0000-0000-000000000021'),
    ('00000000-0000-0000-0000-000000000005', '10000000-0000-0000-0000-000000000022'),
    ('00000000-0000-0000-0000-000000000005', '10000000-0000-0000-0000-000000000024');

-- STAFF
INSERT INTO public.role_permissions (role_id, permission_id) VALUES
    ('00000000-0000-0000-0000-000000000006', '10000000-0000-0000-0000-000000000021'),
    ('00000000-0000-0000-0000-000000000006', '10000000-0000-0000-0000-000000000024');


-- =============================================================================
-- STEP 4: USERS
-- Default password for all: Password@123
-- bcrypt hash: $2b$10$92IXUNpkjO0rOQ5byMi.Ye4oKoEa3Ro9llC/.og/at2.uheWG/igi
-- =============================================================================

INSERT INTO public.users (id, full_name, email, password, role_id, is_active, gender) VALUES
    ('a0000000-0000-0000-0000-000000000001', 'System Super Admin',  'superadmin@school.com',        '$2b$10$92IXUNpkjO0rOQ5byMi.Ye4oKoEa3Ro9llC/.og/at2.uheWG/igi', '00000000-0000-0000-0000-000000000001', TRUE, 'MALE'),
    ('a0000000-0000-0000-0000-000000000002', 'Karim Admin',          'admin@school.com',             '$2b$10$92IXUNpkjO0rOQ5byMi.Ye4oKoEa3Ro9llC/.og/at2.uheWG/igi', '00000000-0000-0000-0000-000000000002', TRUE, 'MALE'),
    ('a0000000-0000-0000-0000-000000000003', 'Rohim Uddin',          'rohim@school.com',             '$2b$10$92IXUNpkjO0rOQ5byMi.Ye4oKoEa3Ro9llC/.og/at2.uheWG/igi', '00000000-0000-0000-0000-000000000003', TRUE, 'MALE'),
    ('a0000000-0000-0000-0000-000000000004', 'Sumaiya Akter',        'sumaiya@school.com',           '$2b$10$92IXUNpkjO0rOQ5byMi.Ye4oKoEa3Ro9llC/.og/at2.uheWG/igi', '00000000-0000-0000-0000-000000000003', TRUE, 'FEMALE'),
    ('a0000000-0000-0000-0000-000000000005', 'Jamal Hossain',        'jamal@school.com',             '$2b$10$92IXUNpkjO0rOQ5byMi.Ye4oKoEa3Ro9llC/.og/at2.uheWG/igi', '00000000-0000-0000-0000-000000000003', TRUE, 'MALE'),
    ('a0000000-0000-0000-0000-000000000006', 'Nasrin Begum',         'nasrin@school.com',            '$2b$10$92IXUNpkjO0rOQ5byMi.Ye4oKoEa3Ro9llC/.og/at2.uheWG/igi', '00000000-0000-0000-0000-000000000003', TRUE, 'FEMALE'),
    ('a0000000-0000-0000-0000-000000000007', 'Faruk Ahmed',          'faruk@school.com',             '$2b$10$92IXUNpkjO0rOQ5byMi.Ye4oKoEa3Ro9llC/.og/at2.uheWG/igi', '00000000-0000-0000-0000-000000000003', TRUE, 'MALE'),
    ('a0000000-0000-0000-0000-000000000008', 'Roksana Islam',        'roksana@school.com',           '$2b$10$92IXUNpkjO0rOQ5byMi.Ye4oKoEa3Ro9llC/.og/at2.uheWG/igi', '00000000-0000-0000-0000-000000000003', TRUE, 'FEMALE'),
    ('a0000000-0000-0000-0000-000000000009', 'Rahim Accountant',     'accountant@school.com',        '$2b$10$92IXUNpkjO0rOQ5byMi.Ye4oKoEa3Ro9llC/.og/at2.uheWG/igi', '00000000-0000-0000-0000-000000000005', TRUE, 'MALE'),
    ('a0000000-0000-0000-0000-000000000010', 'Arif Hasan',           'arif@student.school.com',      '$2b$10$92IXUNpkjO0rOQ5byMi.Ye4oKoEa3Ro9llC/.og/at2.uheWG/igi', '00000000-0000-0000-0000-000000000004', TRUE, 'MALE'),
    ('a0000000-0000-0000-0000-000000000011', 'Mitu Akter',           'mitu@student.school.com',      '$2b$10$92IXUNpkjO0rOQ5byMi.Ye4oKoEa3Ro9llC/.og/at2.uheWG/igi', '00000000-0000-0000-0000-000000000004', TRUE, 'FEMALE'),
    ('a0000000-0000-0000-0000-000000000012', 'Sabbir Rahman',        'sabbir@student.school.com',    '$2b$10$92IXUNpkjO0rOQ5byMi.Ye4oKoEa3Ro9llC/.og/at2.uheWG/igi', '00000000-0000-0000-0000-000000000004', TRUE, 'MALE'),
    ('a0000000-0000-0000-0000-000000000013', 'Tania Sultana',        'tania@student.school.com',     '$2b$10$92IXUNpkjO0rOQ5byMi.Ye4oKoEa3Ro9llC/.og/at2.uheWG/igi', '00000000-0000-0000-0000-000000000004', TRUE, 'FEMALE'),
    ('a0000000-0000-0000-0000-000000000014', 'Nabil Islam',          'nabil@student.school.com',     '$2b$10$92IXUNpkjO0rOQ5byMi.Ye4oKoEa3Ro9llC/.og/at2.uheWG/igi', '00000000-0000-0000-0000-000000000004', TRUE, 'MALE'),
    ('a0000000-0000-0000-0000-000000000015', 'Sadia Islam',          'sadia@student.school.com',     '$2b$10$92IXUNpkjO0rOQ5byMi.Ye4oKoEa3Ro9llC/.og/at2.uheWG/igi', '00000000-0000-0000-0000-000000000004', TRUE, 'FEMALE'),
    ('a0000000-0000-0000-0000-000000000016', 'Rakib Hossain',        'rakib@student.school.com',     '$2b$10$92IXUNpkjO0rOQ5byMi.Ye4oKoEa3Ro9llC/.og/at2.uheWG/igi', '00000000-0000-0000-0000-000000000004', TRUE, 'MALE'),
    ('a0000000-0000-0000-0000-000000000017', 'Nusrat Jahan',         'nusrat@student.school.com',    '$2b$10$92IXUNpkjO0rOQ5byMi.Ye4oKoEa3Ro9llC/.og/at2.uheWG/igi', '00000000-0000-0000-0000-000000000004', TRUE, 'FEMALE'),
    ('a0000000-0000-0000-0000-000000000018', 'Imran Khan',           'imran@student.school.com',     '$2b$10$92IXUNpkjO0rOQ5byMi.Ye4oKoEa3Ro9llC/.og/at2.uheWG/igi', '00000000-0000-0000-0000-000000000004', TRUE, 'MALE'),
    ('a0000000-0000-0000-0000-000000000019', 'Puja Das',             'puja@student.school.com',      '$2b$10$92IXUNpkjO0rOQ5byMi.Ye4oKoEa3Ro9llC/.og/at2.uheWG/igi', '00000000-0000-0000-0000-000000000004', TRUE, 'FEMALE');


-- =============================================================================
-- STEP 5: TEACHERS
-- =============================================================================

INSERT INTO public.teachers (id, user_id, phone, designation, qualification, joining_date) VALUES
    ('b0000000-0000-0000-0000-000000000001', 'a0000000-0000-0000-0000-000000000003', '01711-000001', 'Senior Teacher',    'B.Ed, M.A (Bangla)',        '2015-01-10'),
    ('b0000000-0000-0000-0000-000000000002', 'a0000000-0000-0000-0000-000000000004', '01711-000002', 'Assistant Teacher', 'B.Ed, M.Sc (Mathematics)',  '2017-03-15'),
    ('b0000000-0000-0000-0000-000000000003', 'a0000000-0000-0000-0000-000000000005', '01711-000003', 'Senior Teacher',    'B.Ed, M.A (English)',       '2013-06-01'),
    ('b0000000-0000-0000-0000-000000000004', 'a0000000-0000-0000-0000-000000000006', '01711-000004', 'Assistant Teacher', 'B.Ed, M.Sc (Science)',      '2019-08-20'),
    ('b0000000-0000-0000-0000-000000000005', 'a0000000-0000-0000-0000-000000000007', '01711-000005', 'Senior Teacher',    'B.Ed, M.A (Social Sc.)',    '2016-11-05'),
    ('b0000000-0000-0000-0000-000000000006', 'a0000000-0000-0000-0000-000000000008', '01711-000006', 'Assistant Teacher', 'B.Ed, M.Sc (ICT)',          '2020-01-12');


-- =============================================================================
-- STEP 6: STUDENTS
-- =============================================================================

INSERT INTO public.students (id, student_code, user_id, date_of_birth, guardian_name, guardian_phone, address) VALUES
    ('c0000000-0000-0000-0000-000000000001', 'STU-2024-001', 'a0000000-0000-0000-0000-000000000010', '2014-03-15', 'Hasan Ali',     '01811-001001', 'Mirpur, Dhaka'),
    ('c0000000-0000-0000-0000-000000000002', 'STU-2024-002', 'a0000000-0000-0000-0000-000000000011', '2014-07-22', 'Kamal Akter',   '01811-001002', 'Mohammadpur, Dhaka'),
    ('c0000000-0000-0000-0000-000000000003', 'STU-2024-003', 'a0000000-0000-0000-0000-000000000012', '2013-11-05', 'Nazrul Rahman', '01811-001003', 'Dhanmondi, Dhaka'),
    ('c0000000-0000-0000-0000-000000000004', 'STU-2024-004', 'a0000000-0000-0000-0000-000000000013', '2014-01-30', 'Rafiq Sultana', '01811-001004', 'Banani, Dhaka'),
    ('c0000000-0000-0000-0000-000000000005', 'STU-2024-005', 'a0000000-0000-0000-0000-000000000014', '2013-09-18', 'Islam Uddin',   '01811-001005', 'Uttara, Dhaka'),
    ('c0000000-0000-0000-0000-000000000006', 'STU-2024-006', 'a0000000-0000-0000-0000-000000000015', '2015-05-10', 'Rahim Islam',   '01811-001006', 'Gulshan, Dhaka'),
    ('c0000000-0000-0000-0000-000000000007', 'STU-2024-007', 'a0000000-0000-0000-0000-000000000016', '2015-02-28', 'Karim Hossain', '01811-001007', 'Badda, Dhaka'),
    ('c0000000-0000-0000-0000-000000000008', 'STU-2024-008', 'a0000000-0000-0000-0000-000000000017', '2014-12-12', 'Jamal Jahan',   '01811-001008', 'Rampura, Dhaka'),
    ('c0000000-0000-0000-0000-000000000009', 'STU-2024-009', 'a0000000-0000-0000-0000-000000000018', '2013-08-07', 'Faruk Khan',    '01811-001009', 'Khilgaon, Dhaka'),
    ('c0000000-0000-0000-0000-000000000010', 'STU-2024-010', 'a0000000-0000-0000-0000-000000000019', '2014-06-25', 'Suresh Das',    '01811-001010', 'Lalbagh, Dhaka');


-- =============================================================================
-- STEP 7: CLASSES
-- =============================================================================

INSERT INTO public.classes (id, name) VALUES
    ('d0000000-0000-0000-0000-000000000001', 'Class 1'),
    ('d0000000-0000-0000-0000-000000000002', 'Class 2'),
    ('d0000000-0000-0000-0000-000000000003', 'Class 3'),
    ('d0000000-0000-0000-0000-000000000004', 'Class 4'),
    ('d0000000-0000-0000-0000-000000000005', 'Class 5');


-- =============================================================================
-- STEP 8: SECTIONS
-- =============================================================================

INSERT INTO public.sections (id, class_id, name, max_capacity) VALUES
    ('e0000000-0000-0000-0000-000000000001', 'd0000000-0000-0000-0000-000000000001', 'A', 40),
    ('e0000000-0000-0000-0000-000000000002', 'd0000000-0000-0000-0000-000000000001', 'B', 40),
    ('e0000000-0000-0000-0000-000000000003', 'd0000000-0000-0000-0000-000000000002', 'A', 40),
    ('e0000000-0000-0000-0000-000000000004', 'd0000000-0000-0000-0000-000000000002', 'B', 40),
    ('e0000000-0000-0000-0000-000000000005', 'd0000000-0000-0000-0000-000000000003', 'A', 40),
    ('e0000000-0000-0000-0000-000000000006', 'd0000000-0000-0000-0000-000000000003', 'B', 40),
    ('e0000000-0000-0000-0000-000000000007', 'd0000000-0000-0000-0000-000000000004', 'A', 40),
    ('e0000000-0000-0000-0000-000000000008', 'd0000000-0000-0000-0000-000000000004', 'B', 40),
    ('e0000000-0000-0000-0000-000000000009', 'd0000000-0000-0000-0000-000000000005', 'A', 40),
    ('e0000000-0000-0000-0000-000000000010', 'd0000000-0000-0000-0000-000000000005', 'B', 40);


-- =============================================================================
-- STEP 9: ACADEMIC SESSIONS
-- =============================================================================

INSERT INTO public.academic_sessions (id, name, start_date, end_date, is_active, admission_test_enabled) VALUES
    ('f0000000-0000-0000-0000-000000000001', '2023-2024', '2023-01-01', '2023-12-31', FALSE, FALSE),
    ('f0000000-0000-0000-0000-000000000002', '2024-2025', '2024-01-01', '2024-12-31', FALSE, FALSE),
    ('f0000000-0000-0000-0000-000000000003', '2025-2026', '2025-01-01', '2025-12-31', TRUE,  TRUE);


-- =============================================================================
-- STEP 10: SUBJECTS
-- UUID prefix changed from g→20 (g is not valid hex)
-- =============================================================================

INSERT INTO public.subjects (id, name, code) VALUES
    ('20000000-0000-0000-0000-000000000001', 'Bangla',         'BAN01'),
    ('20000000-0000-0000-0000-000000000002', 'English',        'ENG01'),
    ('20000000-0000-0000-0000-000000000003', 'Mathematics',    'MAT01'),
    ('20000000-0000-0000-0000-000000000004', 'Science',        'SCI01'),
    ('20000000-0000-0000-0000-000000000005', 'Social Science', 'SOC01'),
    ('20000000-0000-0000-0000-000000000006', 'ICT',            'ICT01'),
    ('20000000-0000-0000-0000-000000000007', 'Religion',       'REL01');


-- =============================================================================
-- STEP 11: SUBJECT ASSIGNMENTS
-- UUID prefix changed from h→30
-- =============================================================================

INSERT INTO public.subject_assignments (id, teacher_id, class_id, section_id, subject_id, academic_session_id, assigned_by) VALUES
    ('30000000-0000-0000-0000-000000000001', 'b0000000-0000-0000-0000-000000000001', 'd0000000-0000-0000-0000-000000000001', 'e0000000-0000-0000-0000-000000000001', '20000000-0000-0000-0000-000000000001', 'f0000000-0000-0000-0000-000000000003', 'a0000000-0000-0000-0000-000000000002'),
    ('30000000-0000-0000-0000-000000000002', 'b0000000-0000-0000-0000-000000000001', 'd0000000-0000-0000-0000-000000000001', 'e0000000-0000-0000-0000-000000000001', '20000000-0000-0000-0000-000000000003', 'f0000000-0000-0000-0000-000000000003', 'a0000000-0000-0000-0000-000000000002'),
    ('30000000-0000-0000-0000-000000000003', 'b0000000-0000-0000-0000-000000000002', 'd0000000-0000-0000-0000-000000000001', 'e0000000-0000-0000-0000-000000000002', '20000000-0000-0000-0000-000000000001', 'f0000000-0000-0000-0000-000000000003', 'a0000000-0000-0000-0000-000000000002'),
    ('30000000-0000-0000-0000-000000000004', 'b0000000-0000-0000-0000-000000000002', 'd0000000-0000-0000-0000-000000000001', 'e0000000-0000-0000-0000-000000000002', '20000000-0000-0000-0000-000000000003', 'f0000000-0000-0000-0000-000000000003', 'a0000000-0000-0000-0000-000000000002'),
    ('30000000-0000-0000-0000-000000000005', 'b0000000-0000-0000-0000-000000000003', 'd0000000-0000-0000-0000-000000000002', 'e0000000-0000-0000-0000-000000000003', '20000000-0000-0000-0000-000000000002', 'f0000000-0000-0000-0000-000000000003', 'a0000000-0000-0000-0000-000000000002'),
    ('30000000-0000-0000-0000-000000000006', 'b0000000-0000-0000-0000-000000000004', 'd0000000-0000-0000-0000-000000000003', 'e0000000-0000-0000-0000-000000000005', '20000000-0000-0000-0000-000000000004', 'f0000000-0000-0000-0000-000000000003', 'a0000000-0000-0000-0000-000000000002'),
    ('30000000-0000-0000-0000-000000000007', 'b0000000-0000-0000-0000-000000000005', 'd0000000-0000-0000-0000-000000000004', 'e0000000-0000-0000-0000-000000000007', '20000000-0000-0000-0000-000000000005', 'f0000000-0000-0000-0000-000000000003', 'a0000000-0000-0000-0000-000000000002'),
    ('30000000-0000-0000-0000-000000000008', 'b0000000-0000-0000-0000-000000000006', 'd0000000-0000-0000-0000-000000000005', 'e0000000-0000-0000-0000-000000000009', '20000000-0000-0000-0000-000000000006', 'f0000000-0000-0000-0000-000000000003', 'a0000000-0000-0000-0000-000000000002');


-- =============================================================================
-- STEP 12: STUDENT ENROLLMENTS
-- UUID prefix changed from i→40
-- =============================================================================

INSERT INTO public.student_enrollments (id, student_id, class_id, section_id, academic_session_id, roll_number) VALUES
    ('40000000-0000-0000-0000-000000000001', 'c0000000-0000-0000-0000-000000000001', 'd0000000-0000-0000-0000-000000000001', 'e0000000-0000-0000-0000-000000000001', 'f0000000-0000-0000-0000-000000000003', 1),
    ('40000000-0000-0000-0000-000000000002', 'c0000000-0000-0000-0000-000000000002', 'd0000000-0000-0000-0000-000000000001', 'e0000000-0000-0000-0000-000000000001', 'f0000000-0000-0000-0000-000000000003', 2),
    ('40000000-0000-0000-0000-000000000003', 'c0000000-0000-0000-0000-000000000003', 'd0000000-0000-0000-0000-000000000001', 'e0000000-0000-0000-0000-000000000001', 'f0000000-0000-0000-0000-000000000003', 3),
    ('40000000-0000-0000-0000-000000000004', 'c0000000-0000-0000-0000-000000000004', 'd0000000-0000-0000-0000-000000000001', 'e0000000-0000-0000-0000-000000000001', 'f0000000-0000-0000-0000-000000000003', 4),
    ('40000000-0000-0000-0000-000000000005', 'c0000000-0000-0000-0000-000000000005', 'd0000000-0000-0000-0000-000000000001', 'e0000000-0000-0000-0000-000000000001', 'f0000000-0000-0000-0000-000000000003', 5),
    ('40000000-0000-0000-0000-000000000006', 'c0000000-0000-0000-0000-000000000006', 'd0000000-0000-0000-0000-000000000001', 'e0000000-0000-0000-0000-000000000002', 'f0000000-0000-0000-0000-000000000003', 1),
    ('40000000-0000-0000-0000-000000000007', 'c0000000-0000-0000-0000-000000000007', 'd0000000-0000-0000-0000-000000000001', 'e0000000-0000-0000-0000-000000000002', 'f0000000-0000-0000-0000-000000000003', 2),
    ('40000000-0000-0000-0000-000000000008', 'c0000000-0000-0000-0000-000000000008', 'd0000000-0000-0000-0000-000000000001', 'e0000000-0000-0000-0000-000000000002', 'f0000000-0000-0000-0000-000000000003', 3),
    ('40000000-0000-0000-0000-000000000009', 'c0000000-0000-0000-0000-000000000009', 'd0000000-0000-0000-0000-000000000001', 'e0000000-0000-0000-0000-000000000002', 'f0000000-0000-0000-0000-000000000003', 4),
    ('40000000-0000-0000-0000-000000000010', 'c0000000-0000-0000-0000-000000000010', 'd0000000-0000-0000-0000-000000000001', 'e0000000-0000-0000-0000-000000000002', 'f0000000-0000-0000-0000-000000000003', 5);


-- =============================================================================
-- STEP 13: EXAMS
-- UUID prefix changed from j→50
-- =============================================================================

INSERT INTO exams (id, name, class_id, academic_session_id, exam_date, exam_type) VALUES
    ('50000000-0000-0000-0000-000000000001', 'Admission Test', 'd0000000-0000-0000-0000-000000000001', 'f0000000-0000-0000-0000-000000000003', '2025-01-05', 'ADMISSION'),
    ('50000000-0000-0000-0000-000000000002', 'Unit Test 1', 'd0000000-0000-0000-0000-000000000001', 'f0000000-0000-0000-0000-000000000003', '2025-02-10', 'UNIT_TEST'),
    ('50000000-0000-0000-0000-000000000003', 'First Term Exam', 'd0000000-0000-0000-0000-000000000001', 'f0000000-0000-0000-0000-000000000003', '2025-03-15', 'MIDTERM'),
    ('50000000-0000-0000-0000-000000000004', 'Unit Test 2', 'd0000000-0000-0000-0000-000000000001', 'f0000000-0000-0000-0000-000000000003', '2025-05-12', 'UNIT_TEST'),
    ('50000000-0000-0000-0000-000000000005', 'Second Term Exam', 'd0000000-0000-0000-0000-000000000001', 'f0000000-0000-0000-0000-000000000003', '2025-07-20', 'MIDTERM'),
    ('50000000-0000-0000-0000-000000000006', 'Unit Test 3', 'd0000000-0000-0000-0000-000000000001', 'f0000000-0000-0000-0000-000000000003', '2025-09-10', 'UNIT_TEST'),
    ('50000000-0000-0000-0000-000000000007', 'Annual Exam', 'd0000000-0000-0000-0000-000000000001', 'f0000000-0000-0000-0000-000000000003', '2025-11-25', 'FINAL');


-- =============================================================================
-- STEP 14: EXAM RESULTS
-- =============================================================================

INSERT INTO public.exam_results (exam_id, student_id, subject_id, marks, grade) VALUES
    ('50000000-0000-0000-0000-000000000001', 'c0000000-0000-0000-0000-000000000001', '20000000-0000-0000-0000-000000000001', 85.00, 'A'),
    ('50000000-0000-0000-0000-000000000001', 'c0000000-0000-0000-0000-000000000001', '20000000-0000-0000-0000-000000000003', 90.00, 'A+'),
    ('50000000-0000-0000-0000-000000000001', 'c0000000-0000-0000-0000-000000000002', '20000000-0000-0000-0000-000000000001', 78.00, 'A'),
    ('50000000-0000-0000-0000-000000000001', 'c0000000-0000-0000-0000-000000000002', '20000000-0000-0000-0000-000000000003', 82.00, 'A'),
    ('50000000-0000-0000-0000-000000000001', 'c0000000-0000-0000-0000-000000000003', '20000000-0000-0000-0000-000000000001', 91.00, 'A+'),
    ('50000000-0000-0000-0000-000000000001', 'c0000000-0000-0000-0000-000000000003', '20000000-0000-0000-0000-000000000003', 88.00, 'A+'),
    ('50000000-0000-0000-0000-000000000001', 'c0000000-0000-0000-0000-000000000004', '20000000-0000-0000-0000-000000000001', 72.00, 'A'),
    ('50000000-0000-0000-0000-000000000001', 'c0000000-0000-0000-0000-000000000004', '20000000-0000-0000-0000-000000000003', 68.00, 'B'),
    ('50000000-0000-0000-0000-000000000001', 'c0000000-0000-0000-0000-000000000005', '20000000-0000-0000-0000-000000000001', 95.00, 'A+'),
    ('50000000-0000-0000-0000-000000000001', 'c0000000-0000-0000-0000-000000000005', '20000000-0000-0000-0000-000000000003', 93.00, 'A+');


-- =============================================================================
-- STEP 15: STUDENT ATTENDANCE
-- =============================================================================

INSERT INTO public.student_attendance (student_id, class_id, section_id, attendance_date, status) VALUES
    ('c0000000-0000-0000-0000-000000000001', 'd0000000-0000-0000-0000-000000000001', 'e0000000-0000-0000-0000-000000000001', '2025-06-01', 'PRESENT'),
    ('c0000000-0000-0000-0000-000000000002', 'd0000000-0000-0000-0000-000000000001', 'e0000000-0000-0000-0000-000000000001', '2025-06-01', 'PRESENT'),
    ('c0000000-0000-0000-0000-000000000003', 'd0000000-0000-0000-0000-000000000001', 'e0000000-0000-0000-0000-000000000001', '2025-06-01', 'ABSENT'),
    ('c0000000-0000-0000-0000-000000000004', 'd0000000-0000-0000-0000-000000000001', 'e0000000-0000-0000-0000-000000000001', '2025-06-01', 'LATE'),
    ('c0000000-0000-0000-0000-000000000005', 'd0000000-0000-0000-0000-000000000001', 'e0000000-0000-0000-0000-000000000001', '2025-06-01', 'PRESENT'),
    ('c0000000-0000-0000-0000-000000000001', 'd0000000-0000-0000-0000-000000000001', 'e0000000-0000-0000-0000-000000000001', '2025-06-02', 'PRESENT'),
    ('c0000000-0000-0000-0000-000000000002', 'd0000000-0000-0000-0000-000000000001', 'e0000000-0000-0000-0000-000000000001', '2025-06-02', 'EXCUSED'),
    ('c0000000-0000-0000-0000-000000000003', 'd0000000-0000-0000-0000-000000000001', 'e0000000-0000-0000-0000-000000000001', '2025-06-02', 'PRESENT'),
    ('c0000000-0000-0000-0000-000000000004', 'd0000000-0000-0000-0000-000000000001', 'e0000000-0000-0000-0000-000000000001', '2025-06-02', 'PRESENT'),
    ('c0000000-0000-0000-0000-000000000005', 'd0000000-0000-0000-0000-000000000001', 'e0000000-0000-0000-0000-000000000001', '2025-06-02', 'ABSENT'),
    ('c0000000-0000-0000-0000-000000000001', 'd0000000-0000-0000-0000-000000000001', 'e0000000-0000-0000-0000-000000000001', '2025-06-03', 'PRESENT'),
    ('c0000000-0000-0000-0000-000000000002', 'd0000000-0000-0000-0000-000000000001', 'e0000000-0000-0000-0000-000000000001', '2025-06-03', 'PRESENT'),
    ('c0000000-0000-0000-0000-000000000003', 'd0000000-0000-0000-0000-000000000001', 'e0000000-0000-0000-0000-000000000001', '2025-06-03', 'PRESENT'),
    ('c0000000-0000-0000-0000-000000000004', 'd0000000-0000-0000-0000-000000000001', 'e0000000-0000-0000-0000-000000000001', '2025-06-03', 'LATE'),
    ('c0000000-0000-0000-0000-000000000005', 'd0000000-0000-0000-0000-000000000001', 'e0000000-0000-0000-0000-000000000001', '2025-06-03', 'PRESENT');


-- =============================================================================
-- STEP 16: ATTENDANCE LOGS
-- =============================================================================

INSERT INTO public.attendance_logs (user_id, attendance_date, check_in, check_out, total_work_minutes, status, ip_address, check_in_latitude, check_in_longitude, check_out_latitude, check_out_longitude) VALUES
    ('a0000000-0000-0000-0000-000000000003', '2025-06-01', '2025-06-01 08:00:00', '2025-06-01 16:00:00', 480, 'PRESENT', '192.168.1.10', 23.8103, 90.4125, 23.8103, 90.4125),
    ('a0000000-0000-0000-0000-000000000004', '2025-06-01', '2025-06-01 08:15:00', '2025-06-01 16:00:00', 465, 'PRESENT', '192.168.1.11', 23.8103, 90.4125, 23.8103, 90.4125),
    ('a0000000-0000-0000-0000-000000000005', '2025-06-01', NULL,                  NULL,                  0,   'ABSENT',  NULL,           NULL,    NULL,    NULL,    NULL),
    ('a0000000-0000-0000-0000-000000000003', '2025-06-02', '2025-06-02 08:05:00', '2025-06-02 16:00:00', 475, 'PRESENT', '192.168.1.10', 23.8103, 90.4125, 23.8103, 90.4125),
    ('a0000000-0000-0000-0000-000000000004', '2025-06-02', '2025-06-02 08:30:00', '2025-06-02 16:00:00', 450, 'LATE',    '192.168.1.11', 23.8103, 90.4125, 23.8103, 90.4125),
    ('a0000000-0000-0000-0000-000000000002', '2025-06-02', '2025-06-02 09:00:00', '2025-06-02 17:00:00', 480, 'PRESENT', '192.168.1.5',  23.8103, 90.4125, 23.8103, 90.4125);



-- =============================================================================
-- STEP 17: LEAVES
-- =============================================================================

INSERT INTO public.leaves (user_id, leave_type, start_date, end_date, reason, status) VALUES
    ('a0000000-0000-0000-0000-000000000005', 'SICK',   '2025-06-01', '2025-06-01', 'Sick - fever and cold',  'APPROVED'),
    ('a0000000-0000-0000-0000-000000000004', 'CASUAL', '2025-06-10', '2025-06-11', 'Family event',           'PENDING'),
    ('a0000000-0000-0000-0000-000000000006', 'ANNUAL', '2025-07-01', '2025-07-07', 'Annual leave',           'PENDING');


-- =============================================================================
-- STEP 18: FEE STRUCTURES
-- =============================================================================

INSERT INTO public.fee_structures (class_id, academic_session_id, amount, due_date, description) VALUES
    ('d0000000-0000-0000-0000-000000000001', 'f0000000-0000-0000-0000-000000000003', 2500.00, '2025-01-31', 'Class 1 - First Semester Fee'),
    ('d0000000-0000-0000-0000-000000000001', 'f0000000-0000-0000-0000-000000000003', 2500.00, '2025-07-31', 'Class 1 - Second Semester Fee'),
    ('d0000000-0000-0000-0000-000000000002', 'f0000000-0000-0000-0000-000000000003', 2800.00, '2025-01-31', 'Class 2 - First Semester Fee'),
    ('d0000000-0000-0000-0000-000000000002', 'f0000000-0000-0000-0000-000000000003', 2800.00, '2025-07-31', 'Class 2 - Second Semester Fee'),
    ('d0000000-0000-0000-0000-000000000003', 'f0000000-0000-0000-0000-000000000003', 3000.00, '2025-01-31', 'Class 3 - First Semester Fee'),
    ('d0000000-0000-0000-0000-000000000004', 'f0000000-0000-0000-0000-000000000003', 3200.00, '2025-01-31', 'Class 4 - First Semester Fee'),
    ('d0000000-0000-0000-0000-000000000005', 'f0000000-0000-0000-0000-000000000003', 3500.00, '2025-01-31', 'Class 5 - First Semester Fee');


COMMIT;

-- =============================================================================
-- END OF SEED
-- =============================================================================
-- Summary:
--   Roles       : 6
--   Permissions : 26
--   Users       : 19  (1 superadmin, 1 admin, 6 teachers, 1 accountant, 10 students)
--   Teachers    : 6
--   Students    : 10
--   Classes     : 5
--   Sections    : 10
--   Sessions    : 3   (1 active)
--   Subjects    : 7
--   Assignments : 8
--   Enrollments : 10
--   Exams       : 3
--   Results     : 10
--   Attendance  : 15 (student), 6 (staff)
--   Fees        : 7
--   Leaves      : 3
--
-- Default password for all: Password@123
--
-- Login credentials:
--   superadmin@school.com       SUPER_ADMIN
--   admin@school.com            ADMIN
--   rohim@school.com            TEACHER (Class 1-A assigned)
--   sumaiya@school.com          TEACHER (Class 1-B assigned)
--   accountant@school.com       ACCOUNTANT
--   arif@student.school.com     STUDENT
-- =============================================================================